utc,container,cpu_pct,mem_mib
2026-09-29T17:22:17+00:00,airflow-dag-processor,1.07,250.6
2026-09-29T17:22:17+00:00,airflow-apiserver,0.4,245.1
2026-09-29T17:22:17+00:00,airflow-scheduler,3.39,254.0
2026-09-29T17:22:17+00:00,postgres,1.89,33.71
2026-09-29T17:22:17+00:00,entity360-legacy-mssql,5.95,1137.664
2026-09-29T17:22:17+00:00,windows-libre,0,1775.5
2026-09-29T17:22:30+00:00,airflow-dag-processor,0.85,250.6
2026-09-29T17:22:30+00:00,airflow-apiserver,0.21,245.1
2026-09-29T17:22:30+00:00,airflow-scheduler,3.04,254.3
2026-09-29T17:22:30+00:00,postgres,1.51,33.71
2026-09-29T17:22:30+00:00,entity360-legacy-mssql,4.96,1137.664
2026-09-29T17:22:30+00:00,windows-libre,0,1817.6
2026-09-29T17:22:42+00:00,airflow-dag-processor,0.8,250.6
2026-09-29T17:22:42+00:00,airflow-apiserver,0.14,245.1
2026-09-29T17:22:42+00:00,airflow-scheduler,2.05,254.5
2026-09-29T17:22:42+00:00,postgres,0.95,33.71
2026-09-29T17:22:42+00:00,entity360-legacy-mssql,2.74,1138.688
2026-09-29T17:22:42+00:00,windows-libre,0,1568.6
2026-09-29T17:22:54+00:00,airflow-dag-processor,0.64,250.6
2026-09-29T17:22:54+00:00,airflow-apiserver,0.1,245.1
2026-09-29T17:22:54+00:00,airflow-scheduler,1.86,254.6
2026-09-29T17:22:54+00:00,postgres,0.9,33.86
2026-09-29T17:22:54+00:00,entity360-legacy-mssql,1.94,1138.688
2026-09-29T17:22:54+00:00,windows-libre,0,1544.8
2026-09-29T17:23:07+00:00,airflow-dag-processor,0.61,250.6
2026-09-29T17:23:07+00:00,airflow-apiserver,0.12,245.1
2026-09-29T17:23:07+00:00,airflow-scheduler,1.58,254.9
2026-09-29T17:23:07+00:00,postgres,0.77,33.86
2026-09-29T17:23:07+00:00,entity360-legacy-mssql,2.2,1139.712
2026-09-29T17:23:07+00:00,windows-libre,0,1349.2
2026-09-29T17:23:19+00:00,airflow-dag-processor,0.62,250.6
2026-09-29T17:23:19+00:00,airflow-apiserver,0.11,245.1
2026-09-29T17:23:19+00:00,airflow-scheduler,3.03,321.8
2026-09-29T17:23:19+00:00,postgres,5.22,33.92
2026-09-29T17:23:19+00:00,entity360-legacy-mssql,3.2,1139.712
2026-09-29T17:23:19+00:00,windows-libre,0,1509.1
2026-09-29T17:23:32+00:00,airflow-dag-processor,0.67,250.6
2026-09-29T17:23:32+00:00,airflow-apiserver,0.12,245.1
2026-09-29T17:23:32+00:00,airflow-scheduler,1.52,321.8
2026-09-29T17:23:32+00:00,postgres,0.76,34.08
2026-09-29T17:23:32+00:00,entity360-legacy-mssql,2.49,1140.736
2026-09-29T17:23:32+00:00,windows-libre,0,1414.5
2026-09-29T17:23:44+00:00,airflow-dag-processor,0.84,250.6
2026-09-29T17:23:44+00:00,airflow-apiserver,0.14,245.1
2026-09-29T17:23:44+00:00,airflow-scheduler,1.01,321.8
2026-09-29T17:23:44+00:00,postgres,0.77,34.08
2026-09-29T17:23:44+00:00,entity360-legacy-mssql,2.71,1139.712
2026-09-29T17:23:44+00:00,windows-libre,0,1484.8
2026-09-29T17:23:57+00:00,airflow-dag-processor,0.79,250.6
2026-09-29T17:23:57+00:00,airflow-apiserver,0.12,245.1
2026-09-29T17:23:57+00:00,airflow-scheduler,1.47,321.8
2026-09-29T17:23:57+00:00,postgres,0.79,34.07
2026-09-29T17:23:57+00:00,entity360-legacy-mssql,2.29,1140.736
2026-09-29T17:23:57+00:00,windows-libre,0,1443.8
2026-09-29T17:24:09+00:00,airflow-dag-processor,0.58,250.6
2026-09-29T17:24:09+00:00,airflow-apiserver,0.14,245.1
2026-09-29T17:24:09+00:00,airflow-scheduler,1.59,321.8
2026-09-29T17:24:09+00:00,postgres,1.1,34.08
2026-09-29T17:24:09+00:00,entity360-legacy-mssql,3.24,1140.736
2026-09-29T17:24:09+00:00,windows-libre,0,1488.7
2026-09-29T17:24:21+00:00,airflow-dag-processor,0.7,250.6
2026-09-29T17:24:21+00:00,airflow-apiserver,0.13,245.1
2026-09-29T17:24:21+00:00,airflow-scheduler,1.1,321.8
2026-09-29T17:24:21+00:00,postgres,0.71,34.09
2026-09-29T17:24:21+00:00,entity360-legacy-mssql,2.72,1140.736
2026-09-29T17:24:21+00:00,windows-libre,0,1498.4
2026-09-29T17:24:33+00:00,airflow-dag-processor,1.33,250.6
2026-09-29T17:24:33+00:00,airflow-apiserver,0.19,245.1
2026-09-29T17:24:33+00:00,airflow-scheduler,2.05,321.9
2026-09-29T17:24:33+00:00,postgres,1.03,34.09
2026-09-29T17:24:33+00:00,entity360-legacy-mssql,3.39,1140.736
2026-09-29T17:24:33+00:00,windows-libre,0,1352.1
2026-09-29T17:24:45+00:00,airflow-dag-processor,0.73,250.6
2026-09-29T17:24:45+00:00,airflow-apiserver,0.11,245.1
2026-09-29T17:24:45+00:00,airflow-scheduler,1.53,321.9
2026-09-29T17:24:45+00:00,postgres,0.78,34.09
2026-09-29T17:24:45+00:00,entity360-legacy-mssql,2.25,1141.76
2026-09-29T17:24:45+00:00,windows-libre,0,1405.7
2026-09-29T17:24:58+00:00,airflow-dag-processor,0.77,250.6
2026-09-29T17:24:58+00:00,airflow-apiserver,0.11,245.1
2026-09-29T17:24:58+00:00,airflow-scheduler,1.71,322.2
2026-09-29T17:24:58+00:00,postgres,0.88,34.09
2026-09-29T17:24:58+00:00,entity360-legacy-mssql,2.69,1141.76
2026-09-29T17:24:58+00:00,windows-libre,0,1444.2
2026-09-29T17:25:10+00:00,airflow-dag-processor,0.8,250.6
2026-09-29T17:25:10+00:00,airflow-apiserver,0.1,245.1
2026-09-29T17:25:10+00:00,airflow-scheduler,1.63,322.2
2026-09-29T17:25:10+00:00,postgres,0.91,34.09
2026-09-29T17:25:10+00:00,entity360-legacy-mssql,2.62,1141.76
2026-09-29T17:25:10+00:00,windows-libre,0,1492.0
2026-09-29T17:25:23+00:00,airflow-dag-processor,0.61,250.6
2026-09-29T17:25:23+00:00,airflow-apiserver,0.11,245.1
2026-09-29T17:25:23+00:00,airflow-scheduler,1.54,322.4
2026-09-29T17:25:23+00:00,postgres,0.78,34.09
2026-09-29T17:25:23+00:00,entity360-legacy-mssql,9.7,1226.752
2026-09-29T17:25:23+00:00,windows-libre,0,1316.5
2026-09-29T17:25:35+00:00,airflow-dag-processor,0.65,250.6
2026-09-29T17:25:35+00:00,airflow-apiserver,0.13,245.1
2026-09-29T17:25:35+00:00,airflow-scheduler,1.62,322.6
2026-09-29T17:25:35+00:00,postgres,0.83,34.18
2026-09-29T17:25:35+00:00,entity360-legacy-mssql,2.67,1230.848
2026-09-29T17:25:35+00:00,windows-libre,0,1971.1
2026-09-29T17:25:48+00:00,airflow-dag-processor,0.58,250.6
2026-09-29T17:25:48+00:00,airflow-apiserver,0.13,245.1
2026-09-29T17:25:48+00:00,airflow-scheduler,1.44,322.7
2026-09-29T17:25:48+00:00,postgres,1.09,34.18
2026-09-29T17:25:48+00:00,entity360-legacy-mssql,3.17,1232.896
2026-09-29T17:25:48+00:00,windows-libre,0,2003.5
2026-09-29T17:26:00+00:00,airflow-dag-processor,0.72,250.6
2026-09-29T17:26:00+00:00,airflow-apiserver,0.14,245.1
2026-09-29T17:26:00+00:00,airflow-scheduler,2.04,322.9
2026-09-29T17:26:00+00:00,postgres,0.9,34.21
2026-09-29T17:26:00+00:00,entity360-legacy-mssql,3.26,1234.944
2026-09-29T17:26:00+00:00,windows-libre,0,1932.7
2026-09-29T17:26:13+00:00,airflow-dag-processor,0.67,250.6
2026-09-29T17:26:13+00:00,airflow-apiserver,0.1,245.1
2026-09-29T17:26:13+00:00,airflow-scheduler,1.6,323.1
2026-09-29T17:26:13+00:00,postgres,0.83,34.18
2026-09-29T17:26:13+00:00,entity360-legacy-mssql,6.87,1239.04
2026-09-29T17:26:13+00:00,windows-libre,0,1797.3
2026-09-29T17:26:25+00:00,airflow-dag-processor,0.83,250.6
2026-09-29T17:26:25+00:00,airflow-apiserver,0.12,245.1
2026-09-29T17:26:25+00:00,airflow-scheduler,1.97,323.2
2026-09-29T17:26:25+00:00,postgres,1.01,34.37
2026-09-29T17:26:25+00:00,entity360-legacy-mssql,2.12,1240.064
2026-09-29T17:26:25+00:00,windows-libre,0,1844.4
2026-09-29T17:26:38+00:00,airflow-dag-processor,0.67,250.6
2026-09-29T17:26:38+00:00,airflow-apiserver,0.11,245.1
2026-09-29T17:26:38+00:00,airflow-scheduler,1.85,323.4
2026-09-29T17:26:38+00:00,postgres,0.85,34.36
2026-09-29T17:26:38+00:00,entity360-legacy-mssql,4.09,1245.184
2026-09-29T17:26:38+00:00,windows-libre,0,1909.0
2026-09-29T17:26:50+00:00,airflow-dag-processor,0.91,250.6
2026-09-29T17:26:50+00:00,airflow-apiserver,0.14,245.1
2026-09-29T17:26:50+00:00,airflow-scheduler,1.79,323.4
2026-09-29T17:26:50+00:00,postgres,4.83,34.37
2026-09-29T17:26:50+00:00,entity360-legacy-mssql,2.12,1245.184
2026-09-29T17:26:50+00:00,windows-libre,0,1897.2
2026-09-29T17:27:03+00:00,airflow-dag-processor,0.7,250.9
2026-09-29T17:27:03+00:00,airflow-apiserver,0.1,245.1
2026-09-29T17:27:03+00:00,airflow-scheduler,1.78,323.6
2026-09-29T17:27:03+00:00,postgres,0.82,34.37
2026-09-29T17:27:03+00:00,entity360-legacy-mssql,7.59,1247.232
2026-09-29T17:27:03+00:00,windows-libre,0,1941.5
2026-09-29T17:27:15+00:00,airflow-dag-processor,0.62,250.6
2026-09-29T17:27:15+00:00,airflow-apiserver,0.12,245.1
2026-09-29T17:27:15+00:00,airflow-scheduler,1.67,323.7
2026-09-29T17:27:15+00:00,postgres,0.85,34.37
2026-09-29T17:27:15+00:00,entity360-legacy-mssql,3.81,1248.256
2026-09-29T17:27:15+00:00,windows-libre,0,1858.2
